user_id,email,gender,birth_date
Lucius Gerty,lgerty0@nih.gov,Male,1973-08-21
Moyra Flacknell,mflacknell1@ifeng.com,Female,2000-01-14
Ermina Kopfer,ekopfer2@guardian.co.uk,Female,1987-03-30
Myra Scrowston,mscrowston3@shareasale.com,Female,1968-03-18
Aretha McCarrell,amccarrell4@unicef.org,Female,1968-01-01
Jojo Wrathall,jwrathall5@hhs.gov,Female,1984-05-09
Nickolas Petrazzi,npetrazzi6@g.co,Male,1972-10-19
Ana Gillmore,agillmore7@g.co,Female,1988-08-26
Ferne Plumley,fplumley8@techcrunch.com,Female,1973-06-10
Ronald Forrest,rforrest9@canalblog.com,Male,1978-10-14
Ursulina Pendlenton,upendlentona@wiley.com,Female,1994-09-20
Pauly Peyntue,ppeyntueb@i2i.jp,Male,1974-09-16
Otha Rew,orewc@timesonline.co.uk,Female,1974-10-23
Andreas Cruces,acrucesd@mayoclinic.com,Male,1995-07-11
Pegeen Pickover,ppickovere@scientificamerican.com,Female,1984-11-02
Kennedy Anglim,kanglimf@pinterest.com,Male,1994-06-09
Iolanthe Govini,igovinig@ox.ac.uk,Female,1973-04-12
Wain Satteford,wsattefordh@stanford.edu,Male,1985-12-01
Darcee Campana,dcampanai@bigcartel.com,Female,1984-01-06
Barny Partridge,bpartridgej@taobao.com,Male,1980-06-18
Saundra O'Dunniom,sodunniomk@themeforest.net,Male,1979-09-10
Cybil Jacmard,cjacmardl@yale.edu,Female,1985-04-16
Solly Starmont,sstarmontm@jalbum.net,Male,1986-04-22
Belle Guerrazzi,bguerrazzin@go.com,Female,1988-01-07
Eunice O' Meara,eoo@army.mil,Female,1974-03-12
Violante Callaway,vcallawayp@princeton.edu,Female,1996-03-01
Jayne Pickton,jpicktonq@php.net,Female,1975-11-30
Korella Pulfer,kpulferr@studiopress.com,Female,1971-02-20
Leland MacDiarmid,lmacdiarmids@wordpress.org,Female,2001-07-11
Beale Canete,bcanetet@creativecommons.org,Male,2001-11-07
Elmore Giamitti,egiamittiu@ebay.com,Male,1993-04-05
Gertrude Streeter,gstreeterv@shop-pro.jp,Female,1985-11-03
Penni Vanni,pvanniw@1688.com,Female,1971-03-08
Fanni Oxshott,foxshottx@nps.gov,Female,1982-12-03
Hill Peppin,hpeppiny@ovh.net,Male,1974-03-30
Angelle Huguet,ahuguetz@1688.com,Female,1970-02-05
Ernestus Sabban,esabban10@theatlantic.com,Male,1986-06-27
Reinwald Brodest,rbrodest11@abc.net.au,Male,1998-07-20
Danny Wilson,dwilson12@wordpress.com,Female,1985-10-20
Jedidiah Labb,jlabb13@google.ca,Male,1978-01-25
Georges Alten,galten14@fastcompany.com,Male,1997-01-12
Sidney Slograve,sslograve15@domainmarket.com,Male,1991-10-14
Hakim Witherden,hwitherden16@google.pl,Male,1986-02-03
Dominic Cornelis,dcornelis17@epa.gov,Male,1978-06-27
Freddie Gaiger,fgaiger18@blog.com,Male,1991-06-27
Dominik Albinson,dalbinson19@seattletimes.com,Male,1975-03-15
Bink Twamley,btwamley1a@acquirethisname.com,Male,1973-10-16
Sherlock Rowbottom,srowbottom1b@fda.gov,Male,1996-06-17
Osbert Bourthoumieux,obourthoumieux1c@goo.gl,Male,1972-04-08
Anderea Assinder,aassinder1d@mit.edu,Female,1983-07-06
Carita Nance,cnance1e@apple.com,Female,1981-08-12
Nikki Dymocke,ndymocke1f@google.pl,Female,1985-03-31
Gilli Paunsford,gpaunsford1g@seattletimes.com,Female,1977-04-09
Lucian Exeter,lexeter1h@google.de,Male,1969-02-25
Othilia Parvin,oparvin1i@wordpress.com,Female,1985-05-10
Abrahan Cramphorn,acramphorn1j@ebay.com,Male,1995-10-26
Charlean Sharvill,csharvill1k@skyrock.com,Female,1975-09-14
Cecilius Doran,cdoran1l@google.nl,Male,1978-06-27
Klara Brewett,kbrewett1m@fc2.com,Female,1990-07-09
Vidovik Jaulmes,vjaulmes1n@fastcompany.com,Male,2000-01-03
Denys Sangster,dsangster1o@example.com,Male,2001-03-06
Roxanne Peet,rpeet1p@go.com,Female,1988-09-18
Kesley Buckberry,kbuckberry1q@google.es,Female,1970-06-15
Sula Luckhurst,sluckhurst1r@hud.gov,Female,1975-02-06
Dru Kloser,dkloser1s@globo.com,Female,1970-07-24
Ola Spencers,ospencers1t@barnesandnoble.com,Female,1996-10-25
Clemmy Klassman,cklassman1u@elegantthemes.com,Female,1971-06-22
Adelheid Evett,aevett1v@godaddy.com,Female,2000-10-29
Erma Edmondson,eedmondson1w@pagesperso-orange.fr,Female,1968-11-03
Sharity Brierly,sbrierly1x@wufoo.com,Female,1969-01-30
Anabal Letts,aletts1y@dedecms.com,Female,1988-08-14
Collen Biford,cbiford1z@altervista.org,Female,1977-11-04
Robinet Bester,rbester20@theatlantic.com,Male,1995-07-16
Hendrick Pfertner,hpfertner21@themeforest.net,Male,1980-09-12
Dallas Franz-Schoninger,dfranzschoninger22@census.gov,Female,2001-02-17
Ignaz Foucher,ifoucher23@alexa.com,Male,1984-01-14
Shay Kassman,skassman24@vinaora.com,Female,1974-11-14
Malynda Guiett,mguiett25@shareasale.com,Female,1993-07-14
Torin Filippo,tfilippo26@w3.org,Male,1970-12-12
Joseito Rowet,jrowet27@craigslist.org,Male,1977-04-20
Davie Solano,dsolano28@posterous.com,Male,1982-09-26
Sophronia Bason,sbason29@e-recht24.de,Female,1977-02-12
Gaston Hasser,ghasser2a@php.net,Male,1980-07-03
Jeannine Versey,jversey2b@comsenz.com,Female,1978-09-27
Avril Vernalls,avernalls2c@upenn.edu,Female,1993-07-19
Dallis Tills,dtills2d@huffingtonpost.com,Male,1994-01-10
Portia Mort,pmort2e@simplemachines.org,Female,1994-01-10
Bar Brearty,bbrearty2f@wisc.edu,Male,1967-09-22
Henrieta Fassbindler,hfassbindler2g@pagesperso-orange.fr,Female,1974-06-10
Ericka Braithwait,ebraithwait2h@google.co.jp,Female,1980-02-04
Ainslie Matt,amatt2i@shinystat.com,Female,1983-03-18
Gretal Wakes,gwakes2j@over-blog.com,Female,1988-06-27
Fremont Kobpac,fkobpac2k@mac.com,Male,1968-04-25
Elden Szymoni,eszymoni2l@storify.com,Male,1999-03-27
Cris Giorgioni,cgiorgioni2m@geocities.jp,Female,1982-08-25
Hastings Cahalan,hcahalan2n@joomla.org,Male,1969-06-03
Bartholemy Greaves,bgreaves2o@amazon.com,Male,1996-05-07
Ezri Gannaway,egannaway2p@ycombinator.com,Male,1984-01-17
Reginald Kleisel,rkleisel2q@arstechnica.com,Male,1990-11-23
Baldwin Loffhead,bloffhead2r@usda.gov,Male,1998-01-05
Trever Stamp,tstamp2s@stumbleupon.com,Male,1973-12-07
Granny Vedenisov,gvedenisov2t@mayoclinic.com,Male,1994-05-06
Conny Hallmark,challmark2u@sfgate.com,Female,1988-01-09
Faustina Churly,fchurly2v@fotki.com,Female,2001-03-20
Dasya Junkinson,djunkinson2w@sitemeter.com,Female,1993-08-10
Lauretta Nund,lnund2x@simplemachines.org,Female,1992-08-21
Wynny Pucker,wpucker2y@sohu.com,Female,1990-04-03
Townsend Aird,taird2z@xrea.com,Male,1982-05-04
Pavel Antonowicz,pantonowicz30@geocities.jp,Male,1996-10-06
Kelly Heddy,kheddy31@youku.com,Male,1985-07-19
Flss Di Carlo,fdi32@prlog.org,Female,2002-07-31
Harold Chisnall,hchisnall33@mayoclinic.com,Male,1987-03-03
Cornelle Bezarra,cbezarra34@cpanel.net,Female,1970-08-27
Audy Hymers,ahymers35@vimeo.com,Female,2002-03-09
Sharon Mellanby,smellanby36@mayoclinic.com,Female,1992-08-16
Kinny Gutowska,kgutowska37@feedburner.com,Male,1993-11-01
Byron Limbrick,blimbrick38@berkeley.edu,Male,1999-10-08
Ranna Luckey,rluckey39@wordpress.com,Female,2001-09-25
Babb Danbrook,bdanbrook3a@chicagotribune.com,Female,1993-11-13
Vlad Liddell,vliddell3b@etsy.com,Male,1993-04-21
Kristal Ilott,kilott3c@wordpress.org,Female,1970-03-18
Carol Leonards,cleonards3d@trellian.com,Female,1993-04-30
Heida Huggard,hhuggard3e@ezinearticles.com,Female,1995-01-27
Elva Bremmell,ebremmell3f@foxnews.com,Female,1987-03-24
George Klawi,gklawi3g@telegraph.co.uk,Male,1980-10-04
Ingeborg Cona,icona3h@apple.com,Female,1971-02-27
Cynthea Spada,cspada3i@chicagotribune.com,Female,1998-12-07
Iago Puleque,ipuleque3j@moonfruit.com,Male,1970-02-14
Madel Schirach,mschirach3k@sciencedirect.com,Female,1996-12-24
Rube Roland,rroland3l@reuters.com,Male,1971-04-28
Shelby McRannell,smcrannell3m@bigcartel.com,Male,1990-03-05
Dun Clausen-Thue,dclausenthue3n@hexun.com,Male,1989-04-18
Glynnis Tute,gtute3o@deviantart.com,Female,1979-04-20
Herman Grubbe,hgrubbe3p@taobao.com,Male,1974-03-01
Fayre Fursse,ffursse3q@surveymonkey.com,Female,1982-03-23
Faulkner Heinicke,fheinicke3r@elegantthemes.com,Male,1984-04-29
Mahala Goldston,mgoldston3s@go.com,Female,1987-06-25
Merissa McDell,mmcdell3t@squidoo.com,Female,1976-07-09
Clemmy Fairholme,cfairholme3u@abc.net.au,Male,2001-02-05
Loise Sidnell,lsidnell3v@vkontakte.ru,Female,1990-08-12
Jennica Stinton,jstinton3w@freewebs.com,Female,1990-07-18
Orion Wakeham,owakeham3x@pagesperso-orange.fr,Male,1997-10-08
Courtney Walsham,cwalsham3y@hexun.com,Female,1986-01-24
Rem Kearford,rkearford3z@unesco.org,Male,1970-12-30
Kile Tilliard,ktilliard40@craigslist.org,Male,1994-01-16
Darrel Lackham,dlackham41@merriam-webster.com,Male,2000-05-11
Larine Poznanski,lpoznanski42@miitbeian.gov.cn,Female,1991-10-10
Felizio Leftwich,fleftwich43@columbia.edu,Male,1968-02-25
Mitchel Coddington,mcoddington44@ning.com,Male,1982-08-31
Jaynell Cockney,jcockney45@ucla.edu,Female,1998-01-20
Rodolfo Enser,renser46@cnet.com,Male,1977-09-03
Northrop Jerram,njerram47@vistaprint.com,Male,1968-12-13
Wendi Mebius,wmebius48@trellian.com,Female,1970-07-14
Elaina De Castri,ede49@cyberchimps.com,Female,1984-10-17
Danny Rainger,drainger4a@indiatimes.com,Female,1977-02-08
Theo Blakes,tblakes4b@bing.com,Male,1993-09-02
Alleen Motherwell,amotherwell4c@digg.com,Female,1996-11-24
Harlie Colebourne,hcolebourne4d@blinklist.com,Female,1973-04-10
Alanson Bruckent,abruckent4e@squarespace.com,Male,1976-01-30
Dame Murfill,dmurfill4f@cloudflare.com,Male,1999-01-08
Reggy O'Canavan,rocanavan4g@cnn.com,Male,1984-06-13
Noel Pischof,npischof4h@ow.ly,Male,1971-05-28
Lizette Fallowes,lfallowes4i@drupal.org,Female,1968-05-01
Milzie Flux,mflux4j@mit.edu,Female,2001-02-07
Davidson Gumly,dgumly4k@google.es,Male,1985-06-15
Roselle Highman,rhighman4l@google.es,Female,2002-03-21
Obediah Yearby,oyearby4m@github.io,Male,1992-03-14
Tandie Kaaskooper,tkaaskooper4n@google.pl,Female,1996-11-25
Prent Hancox,phancox4o@admin.ch,Male,1980-09-18
Harley Veregan,hveregan4p@cargocollective.com,Female,1984-07-17
Raeann Preon,rpreon4q@ucla.edu,Female,1997-01-06
Herby Stoffers,hstoffers4r@furl.net,Male,1973-04-04
Darwin Praundl,dpraundl4s@geocities.jp,Male,1976-03-16
Bron O'Kuddyhy,bokuddyhy4t@cbc.ca,Male,2001-03-09
Ketty Keeri,kkeeri4u@cmu.edu,Female,1972-05-08
Xenos Loomis,xloomis4v@census.gov,Male,1967-09-29
Ingeberg Merryman,imerryman4w@nasa.gov,Female,1975-12-21
Drucie Davys,ddavys4x@stumbleupon.com,Female,1974-07-01
Darcy Letham,dletham4y@naver.com,Male,1999-05-23
Adina Addams,aaddams4z@globo.com,Female,1977-04-09
Shena Chevin,schevin50@shutterfly.com,Female,1983-10-27
Katinka Ratchford,kratchford51@unicef.org,Female,1970-03-19
Jenni Fydo,jfydo52@cnn.com,Female,1979-07-21
Isabelita Rantoull,irantoull53@washingtonpost.com,Female,1998-12-27
Netty Burl,nburl54@yellowbook.com,Female,1983-10-19
Moore Glencorse,mglencorse55@com.com,Male,1971-12-17
Rhianna Buxsy,rbuxsy56@wikispaces.com,Female,1998-04-26
Brandy MacTavish,bmactavish57@friendfeed.com,Male,1987-06-18
Elbert Yardley,eyardley58@yahoo.co.jp,Male,1985-09-16
Weylin Kingzet,wkingzet59@fema.gov,Male,1994-10-16
Yehudi Fawdry,yfawdry5a@blogtalkradio.com,Male,1975-09-05
Cheryl O'Deegan,codeegan5b@huffingtonpost.com,Female,1998-05-13
Nerissa Antonov,nantonov5c@github.io,Female,1997-03-05
Buddy Swindells,bswindells5d@issuu.com,Male,1974-05-21
Marie-jeanne Wyon,mwyon5e@nba.com,Female,2000-12-03
Ernestine Grigorio,egrigorio5f@independent.co.uk,Female,1989-01-20
Cecily Drysdell,cdrysdell5g@apple.com,Female,1992-02-12
Florella Whitworth,fwhitworth5h@ask.com,Female,1996-07-30
Andrew Rowth,arowth5i@drupal.org,Male,1985-05-09
Zack Hankard,zhankard5j@hhs.gov,Male,1972-05-04
Kaylil Juara,kjuara5k@businesswire.com,Female,1974-10-09
Aguste Christofol,achristofol5l@uiuc.edu,Male,1995-04-11
Ashil Caldera,acaldera5m@bloomberg.com,Female,1980-12-05
Paulina Stronach,pstronach5n@shinystat.com,Female,1988-01-30
Obediah Niche,oniche5o@icio.us,Male,1990-02-20
Ambrosius Bleakley,ableakley5p@oakley.com,Male,1973-12-04
Gale Pickover,gpickover5q@people.com.cn,Female,1996-02-26
Jackquelin Ivanikhin,jivanikhin5r@topsy.com,Female,1977-04-05
Dwain Keld,dkeld5s@chicagotribune.com,Male,1981-12-24
Paolo Curgenuer,pcurgenuer5t@cafepress.com,Male,1971-07-15
Martita Lishman,mlishman5u@epa.gov,Female,1978-05-29
Modesty De Brett,mde5v@behance.net,Female,1993-10-22
Henri Riseborough,hriseborough5w@indiegogo.com,Male,1985-02-17
Forrester Luebbert,fluebbert5x@zdnet.com,Male,1993-11-23
Hadleigh Goosnell,hgoosnell5y@canalblog.com,Male,1982-04-16
Adolphus Sieghard,asieghard5z@blogtalkradio.com,Male,1975-07-02
Adara Jeskins,ajeskins60@taobao.com,Female,2000-01-15
Adelaida Michie,amichie61@hubpages.com,Female,1984-01-18
Cornie Manntschke,cmanntschke62@1688.com,Female,1972-12-12
Davidde Ladson,dladson63@xrea.com,Male,1971-04-27
Katrina Gertz,kgertz64@theglobeandmail.com,Female,1972-06-29
Ellswerth Ellens,eellens65@google.cn,Male,1975-02-28
Brandon Buckham,bbuckham66@acquirethisname.com,Male,1989-10-03
Glad Goodinson,ggoodinson67@google.pl,Female,1992-07-03
Marnie Woodsford,mwoodsford68@mit.edu,Female,1986-06-07
Eal Leppo,eleppo69@amazon.de,Male,1969-04-09
Desiree Dinan,ddinan6a@reddit.com,Female,1982-06-08
Horst Fireman,hfireman6b@house.gov,Male,1974-11-29
Flossy Dominicacci,fdominicacci6c@amazon.co.uk,Female,1998-10-23
Farra Brownlie,fbrownlie6d@sun.com,Female,1983-06-30
Cameron Casajuana,ccasajuana6e@bloomberg.com,Male,1994-09-26
Ira Gowland,igowland6f@opensource.org,Female,1979-11-10
Glenn Fransson,gfransson6g@topsy.com,Female,1980-02-29
Agnella Knapton,aknapton6h@altervista.org,Female,1977-12-27
Ingmar Broadley,ibroadley6i@studiopress.com,Male,1975-07-26
Trenton Ratley,tratley6j@comsenz.com,Male,1991-02-01
Kaitlyn Oxbe,koxbe6k@tmall.com,Female,1989-11-06
Eddie Boncoeur,eboncoeur6l@yale.edu,Female,1979-02-17
Bertie Eason,beason6m@bigcartel.com,Male,1994-04-22
Dario Dunbobin,ddunbobin6n@walmart.com,Male,1970-10-02
Alaster Sander,asander6o@bigcartel.com,Male,1987-08-10
Von Caine,vcaine6p@skype.com,Male,2002-04-22
Harrietta Almon,halmon6q@webeden.co.uk,Female,1989-03-14
Alicia Prandy,aprandy6r@twitter.com,Female,1982-10-29
Sanders Davenport,sdavenport6s@naver.com,Male,1984-12-19
Stanleigh Mocher,smocher6t@dagondesign.com,Male,1981-05-15
Eulalie Kyllford,ekyllford6u@ibm.com,Female,1972-06-19
Emalee Sellan,esellan6v@blogspot.com,Female,1982-07-31
Jennette Stockin,jstockin6w@wunderground.com,Female,1995-12-10
Licha Crowley,lcrowley6x@xinhuanet.com,Female,1987-12-19
Sigismundo Laxson,slaxson6y@newyorker.com,Male,1992-06-29
Jens Steuart,jsteuart6z@myspace.com,Male,2002-08-01
Harp Dawidowitsch,hdawidowitsch70@cbsnews.com,Male,2001-08-26
Christoph Cuseck,ccuseck71@cnn.com,Male,1977-11-11
Rolland Scintsbury,rscintsbury72@hostgator.com,Male,1977-02-01
Clemence Colqueran,ccolqueran73@printfriendly.com,Female,2001-01-11
Melony Gerold,mgerold74@comcast.net,Female,1979-06-28
Thomasin Madeley,tmadeley75@topsy.com,Female,1972-02-15
Eydie Fiddiman,efiddiman76@foxnews.com,Female,1967-10-18
Gerti Stansall,gstansall77@usa.gov,Female,2001-01-24
Lynnell Day,lday78@reuters.com,Female,1970-02-12
Burlie Oloshin,boloshin79@constantcontact.com,Male,1978-11-07
Matteo Bemwell,mbemwell7a@prweb.com,Male,1991-08-04
Court Sneesby,csneesby7b@freewebs.com,Male,1982-02-19
Godart Willett,gwillett7c@indiegogo.com,Male,1988-09-22
Merrily Gibbens,mgibbens7d@mapquest.com,Female,1969-01-21
Dilly Comer,dcomer7e@webs.com,Male,1982-03-16
Hedvig Landis,hlandis7f@plala.or.jp,Female,1977-10-27
Rossy Draude,rdraude7g@unc.edu,Male,1985-01-24
Shell Croose,scroose7h@cbc.ca,Male,1982-10-28
Marlo Blunsum,mblunsum7i@omniture.com,Male,1995-12-05
Shannan Orwell,sorwell7j@nydailynews.com,Male,1968-09-22
Morgun Sworn,msworn7k@dyndns.org,Male,1991-07-25
Josefina Doget,jdoget7l@webs.com,Female,1988-03-30
Charlene Kaesmans,ckaesmans7m@telegraph.co.uk,Female,1976-02-07
Matty Joontjes,mjoontjes7n@gov.uk,Male,1979-07-08
Rea Vedyaev,rvedyaev7o@toplist.cz,Female,1977-06-14
Fiona Besnard,fbesnard7p@java.com,Female,1985-05-29
Egbert Gentle,egentle7q@arstechnica.com,Male,1978-08-24
Karoly Raith,kraith7r@technorati.com,Female,1987-01-09
Grover Shellsheere,gshellsheere7s@technorati.com,Male,1978-02-10
Erich Vian,evian7t@hexun.com,Male,1994-08-13
Inez Fardon,ifardon7u@usatoday.com,Female,2002-04-14
Cindee Monketon,cmonketon7v@imdb.com,Female,1978-04-09
Rochette Brownlee,rbrownlee7w@statcounter.com,Female,1972-12-02
Katherina Jendrassik,kjendrassik7x@nhs.uk,Female,1985-05-04
Abran Stonehouse,astonehouse7y@netscape.com,Male,1998-09-03
Rolland Hardiman,rhardiman7z@gizmodo.com,Male,1970-08-07
Querida Hassur,qhassur80@soundcloud.com,Female,1973-07-05
Dean Dewdeny,ddewdeny81@scribd.com,Male,1997-11-18
Ives Powner,ipowner82@typepad.com,Male,1981-06-17
Ilysa Heaps,iheaps83@ifeng.com,Female,1982-09-18
Ellynn Guyer,eguyer84@marriott.com,Female,2001-10-05
Sasha Freeland,sfreeland85@businessinsider.com,Male,1969-08-01
Eleanora Bettenay,ebettenay86@prnewswire.com,Female,1983-08-06
Hewett Lazarus,hlazarus87@chicagotribune.com,Male,1973-12-16
Webster Strowan,wstrowan88@cafepress.com,Male,1988-03-06
Gennie Bernollet,gbernollet89@cam.ac.uk,Female,1991-07-12
Alphonse Gowar,agowar8a@lulu.com,Male,2002-05-11
Caroline Winsbury,cwinsbury8b@posterous.com,Female,1991-03-29
Ned Hayles,nhayles8c@wikia.com,Male,1973-11-13
Melamie Peplaw,mpeplaw8d@hibu.com,Female,1994-04-30
Janek Haulkham,jhaulkham8e@imageshack.us,Male,1994-02-20
Haze Barnaby,hbarnaby8f@rakuten.co.jp,Male,1981-05-31
Theodore Spriggen,tspriggen8g@google.com.br,Male,1972-06-30
Shandee Peel,speel8h@umn.edu,Female,1982-09-11
Emmalee Kinig,ekinig8i@globo.com,Female,1994-02-26
Ailsun Taffurelli,ataffurelli8j@networkadvertising.org,Female,1990-08-22
Cathrin Marshman,cmarshman8k@engadget.com,Female,1968-10-19
Allene Kirwan,akirwan8l@umich.edu,Female,1983-04-14
Ricoriki Hutson,rhutson8m@wired.com,Male,1979-09-05
Arnoldo Hallmark,ahallmark8n@businessweek.com,Male,1978-07-21
Lawrence Elgee,lelgee8o@oakley.com,Male,1988-09-19
Hilda Comberbach,hcomberbach8p@nhs.uk,Female,1982-03-09
Nolana Samson,nsamson8q@npr.org,Female,1999-02-28
Thaxter Rase,trase8r@paginegialle.it,Male,1993-11-22
Basilius Lambart,blambart8s@google.de,Male,1975-04-15
Sabra Curnow,scurnow8t@paginegialle.it,Female,1999-11-24
Pascale Maffey,pmaffey8u@constantcontact.com,Male,1976-03-24
Ashton Vereker,avereker8v@forbes.com,Male,1976-06-20
Robinette Brignall,rbrignall8w@soup.io,Female,1988-08-30
Pattie Meanwell,pmeanwell8x@studiopress.com,Female,1989-08-25
Burty Celiz,bceliz8y@creativecommons.org,Male,1979-10-31
Vilhelmina Cristofol,vcristofol8z@fastcompany.com,Female,1973-01-26
Candis Johananoff,cjohananoff90@unc.edu,Female,1993-08-28
Jamaal Suttell,jsuttell91@businessweek.com,Male,1969-05-12
Filberto Grahamslaw,fgrahamslaw92@lulu.com,Male,1980-02-11
Marinna Peplaw,mpeplaw93@ibm.com,Female,1975-01-16
Tully Edger,tedger94@youku.com,Male,1978-09-26
Cal Leamon,cleamon95@amazon.co.uk,Male,1968-05-13
Bernadine Emnoney,bemnoney96@economist.com,Female,1986-12-25
Novelia Backshaw,nbackshaw97@addtoany.com,Female,1994-06-17
Kristyn Orae,korae98@ovh.net,Female,1986-08-23
Elsworth Risley,erisley99@dion.ne.jp,Male,1969-05-28
Therese Winham,twinham9a@privacy.gov.au,Female,2000-07-03
Arlina Plumley,aplumley9b@boston.com,Female,1981-04-09
Bobette Clinton,bclinton9c@telegraph.co.uk,Female,1987-10-10
Gannie Kleinschmidt,gkleinschmidt9d@newsvine.com,Male,1982-03-20
Bernadine Lidster,blidster9e@chronoengine.com,Female,1974-07-19
Eustace Mason,emason9f@weibo.com,Male,1989-07-28
Ardyce Lydford,alydford9g@amazon.co.jp,Female,1972-12-17
Rutger Bohler,rbohler9h@godaddy.com,Male,1988-06-11
Kathryne Wyrill,kwyrill9i@liveinternet.ru,Female,2001-03-09
Reider Beckham,rbeckham9j@bing.com,Male,1990-02-02
Padget de Pinna,pde9k@ning.com,Male,1998-10-30
Lisle Grelik,lgrelik9l@parallels.com,Male,1978-03-06
Agace McMonnies,amcmonnies9m@clickbank.net,Female,1982-09-25
Charlotta Botley,cbotley9n@joomla.org,Female,1977-10-09
Perle Wilding,pwilding9o@google.ca,Female,1999-01-31
Guss Ber,gber9p@skype.com,Male,2001-05-18
Alaster Pessler,apessler9q@cdc.gov,Male,1984-07-25
Bobby Baroux,bbaroux9r@reddit.com,Male,1980-11-03
Josiah Gartell,jgartell9s@sohu.com,Male,1984-09-15
Barbara Chipman,bchipman9t@discovery.com,Female,1980-12-19
Liane Maystone,lmaystone9u@google.com.hk,Female,1983-09-02
Fina Barbosa,fbarbosa9v@gmpg.org,Female,1971-11-28
Frederich Byng,fbyng9w@yahoo.co.jp,Male,1989-10-17
Chrisy Bellwood,cbellwood9x@merriam-webster.com,Male,1972-05-02
Bryon Karpe,bkarpe9y@bbb.org,Male,1978-04-17
Therine Worshall,tworshall9z@amazon.co.uk,Female,1987-03-23
Gilligan Grindle,ggrindlea0@bloomberg.com,Female,1978-10-17
Sena Court,scourta1@statcounter.com,Female,1976-05-18
D'arcy Briton,dbritona2@ask.com,Male,1978-12-12
Christiana Eleshenar,celeshenara3@bbb.org,Female,1988-04-04
Jolynn Martusewicz,jmartusewicza4@spiegel.de,Female,1981-12-19
Hank Merrydew,hmerrydewa5@elegantthemes.com,Male,1997-06-12
Mame Laxson,mlaxsona6@altervista.org,Female,1997-03-17
Gaylene Dullard,gdullarda7@pagesperso-orange.fr,Female,1976-11-05
Kandy Labes,klabesa8@mayoclinic.com,Female,1973-07-30
Brice Hardson,bhardsona9@mediafire.com,Male,1998-06-14
Vania Scott,vscottaa@blogger.com,Female,1973-06-27
Hagen Wormald,hwormaldab@webeden.co.uk,Male,1991-07-30
Billie Whopples,bwhopplesac@dedecms.com,Female,1991-11-24
Agosto Hembrow,ahembrowad@bizjournals.com,Male,1992-02-27
Randy Sadry,rsadryae@un.org,Male,1968-01-08
Barby Badsey,bbadseyaf@kickstarter.com,Female,1979-10-20
Aubrie Oby,aobyag@nydailynews.com,Female,1968-05-01
Blane Davies,bdaviesah@posterous.com,Male,2002-03-09
Cherry Unger,cungerai@histats.com,Female,1999-12-24
Tonnie Houston,thoustonaj@usnews.com,Male,1984-11-19
Marget Ullrich,mullrichak@mysql.com,Female,1986-09-14
Addi Goodday,agooddayal@chronoengine.com,Female,1975-04-08
Collin Gommes,cgommesam@mtv.com,Male,1975-10-06
Edsel Braddock,ebraddockan@altervista.org,Male,1986-04-07
Carmina Avann,cavannao@rakuten.co.jp,Female,1999-05-21
Maurice Spring,mspringap@google.cn,Male,1993-01-23
Urban Hallybone,uhallyboneaq@oaic.gov.au,Male,1970-01-31
Luz Seargeant,lseargeantar@livejournal.com,Female,1983-12-21
Hamlen Fetherston,hfetherstonas@example.com,Male,1987-08-19
Spenser D'Angeli,sdangeliat@hhs.gov,Male,1968-07-22
Anselm Burgan,aburganau@typepad.com,Male,1988-06-10
Tabor Welburn,twelburnav@clickbank.net,Male,1984-07-04
Jo Guittet,jguittetaw@constantcontact.com,Male,1992-09-10
Elden Yurlov,eyurlovax@harvard.edu,Male,1975-04-07
Lizzy Tight,ltightay@xrea.com,Female,1967-10-19
Chad Yurinov,cyurinovaz@deliciousdays.com,Female,1974-08-19
Khalil Goodall,kgoodallb0@prlog.org,Male,1986-01-06
Kermit Messager,kmessagerb1@creativecommons.org,Male,1983-07-27
Buddie Impett,bimpettb2@pen.io,Male,1996-02-27
Layney Wieprecht,lwieprechtb3@webeden.co.uk,Female,1997-04-14
Alli Claffey,aclaffeyb4@wisc.edu,Female,1995-03-08
Neely Whitby,nwhitbyb5@ihg.com,Female,1991-03-01
Eveline Laffin,elaffinb6@boston.com,Female,1972-01-21
Atlante Akister,aakisterb7@narod.ru,Female,1994-10-27
Muffin Snadden,msnaddenb8@hp.com,Female,1979-05-19
Randolph Burmingham,rburminghamb9@google.nl,Male,2000-05-17
Alexis Morford,amorfordba@163.com,Female,1977-07-16
Kingsley Leyden,kleydenbb@hibu.com,Male,1986-12-06
Glen Bentley,gbentleybc@nasa.gov,Female,1969-04-23
Herta Cubbino,hcubbinobd@creativecommons.org,Female,1971-08-24
Sibilla Kingscote,skingscotebe@zimbio.com,Female,1981-07-19
Neala Rampton,nramptonbf@soundcloud.com,Female,1995-07-03
Briant Rodolico,brodolicobg@angelfire.com,Male,1996-07-12
Giralda Kohneke,gkohnekebh@census.gov,Female,1985-08-08
Alisander Scalera,ascalerabi@hexun.com,Male,1991-09-08
Leshia Dalliwater,ldalliwaterbj@oaic.gov.au,Female,1991-02-08
Aindrea McNeigh,amcneighbk@digg.com,Female,1986-08-26
Herrick Moring,hmoringbl@buzzfeed.com,Male,2002-05-05
Lorilee Hallford,lhallfordbm@instagram.com,Female,1983-06-20
Damian Grainge,dgraingebn@hugedomains.com,Male,1980-04-11
Althea Mottinelli,amottinellibo@zdnet.com,Female,1992-11-11
Jordon Casemore,jcasemorebp@dmoz.org,Male,1967-12-21
Mada Schwier,mschwierbq@elpais.com,Female,1969-10-21
Benedicto Brosetti,bbrosettibr@w3.org,Male,1980-03-10
Devi Grenshiels,dgrenshielsbs@feedburner.com,Female,1995-10-14
Todd Andryushin,tandryushinbt@jigsy.com,Male,2002-08-11
Meade Steffan,msteffanbu@wufoo.com,Male,1997-11-23
Ardelia Gilardengo,agilardengobv@microsoft.com,Female,1995-12-27
Katerina Buxton,kbuxtonbw@netscape.com,Female,1991-06-01
Carver Harring,charringbx@house.gov,Male,1983-10-14
Moyra Darwood,mdarwoodby@github.io,Female,1997-05-06
Gussy Kernoghan,gkernoghanbz@mapquest.com,Female,2000-02-08
Neils Hehl,nhehlc0@hhs.gov,Male,1985-05-09
Hyatt Di Francecshi,hdic1@berkeley.edu,Male,1969-12-02
Cody Gabitis,cgabitisc2@tripod.com,Female,1980-02-09
Belvia Domange,bdomangec3@wix.com,Female,1969-01-03
Renell Seint,rseintc4@wsj.com,Female,1968-02-09
See Laise,slaisec5@hugedomains.com,Male,1983-09-17
Dorie Limpricht,dlimprichtc6@cocolog-nifty.com,Female,1982-10-12
Lydon Tellwright,ltellwrightc7@symantec.com,Male,1981-01-12
Bonny Evill,bevillc8@networksolutions.com,Female,1987-08-07
Zita MacFadzan,zmacfadzanc9@theglobeandmail.com,Female,1967-08-07
Tye Wigfield,twigfieldca@techcrunch.com,Male,1981-02-19
Matelda Cleall,mcleallcb@google.com.hk,Female,1986-11-25
Karlan Hauck,khauckcc@dailymail.co.uk,Male,1994-07-03
Eadie Featherstone,efeatherstonecd@unc.edu,Female,1985-01-09
Paquito Totaro,ptotaroce@berkeley.edu,Male,1972-01-16
Merissa Morcomb,mmorcombcf@geocities.jp,Female,2002-08-07
Lazarus Mateiko,lmateikocg@state.tx.us,Male,1992-04-21
Kyla Skevington,kskevingtonch@statcounter.com,Female,1993-07-25
Mona McGooch,mmcgoochci@blog.com,Female,1987-05-05
Lynette Housbie,lhousbiecj@51.la,Female,1968-02-09
Eugenie Johnston,ejohnstonck@yahoo.com,Female,1999-11-03
Simona Mortel,smortelcl@miibeian.gov.cn,Female,2000-02-15
Florette Snarie,fsnariecm@gravatar.com,Female,1987-11-17
Lucia Privett,lprivettcn@lulu.com,Female,1976-05-23
Orsa Rosenzveig,orosenzveigco@gizmodo.com,Female,1987-11-22
Vincent Street,vstreetcp@umich.edu,Male,1986-04-26
Graig Cleghorn,gcleghorncq@sfgate.com,Male,1991-08-11
Loretta Kernoghan,lkernoghancr@google.pl,Female,1996-09-11
Sheree Deener,sdeenercs@ocn.ne.jp,Female,1998-05-16
Goraud Jump,gjumpct@nbcnews.com,Male,1972-08-27
Orsola Hazeltine,ohazeltinecu@admin.ch,Female,1976-11-04
Hamlin Ashfold,hashfoldcv@telegraph.co.uk,Male,1968-09-26
Audrey Gierth,agierthcw@blogspot.com,Female,1969-12-02
Livy Dounbare,ldounbarecx@ocn.ne.jp,Female,1992-05-30
Marshal Landrick,mlandrickcy@ca.gov,Male,1977-04-03
Elfie Allnatt,eallnattcz@va.gov,Female,1999-08-28
Herold Gaspar,hgaspard0@yahoo.com,Male,1991-03-16
Aloysius Higgoe,ahiggoed1@yellowbook.com,Male,2000-09-14
Arabella Griffen,agriffend2@goodreads.com,Female,1996-02-07
Perla Hinstock,phinstockd3@sfgate.com,Female,1985-03-26
Ellynn Plimmer,eplimmerd4@typepad.com,Female,1996-07-30
Alejandrina Jemmison,ajemmisond5@altervista.org,Female,1984-12-06
Haywood McSaul,hmcsauld6@uiuc.edu,Male,1988-02-23
Malchy Jenik,mjenikd7@woothemes.com,Male,1979-04-27
Devora Fotherby,dfotherbyd8@t-online.de,Female,1993-08-04
Eddy Timlin,etimlind9@bizjournals.com,Male,1967-06-16
Quintilla Dunton,qduntonda@nba.com,Female,1990-02-19
Chick Tilford,ctilforddb@oracle.com,Male,1975-06-02
Hartwell Coultas,hcoultasdc@auda.org.au,Male,1974-10-27
Thedrick Dedrick,tdedrickdd@walmart.com,Male,1997-03-01
Tansy Benyan,tbenyande@webnode.com,Female,2001-03-05
Luelle Redfield,lredfielddf@macromedia.com,Female,1993-03-25
Humfried Bellew,hbellewdg@squarespace.com,Male,1974-10-06
Paige Deeprose,pdeeprosedh@nasa.gov,Female,1980-02-15
Brittany Romeo,bromeodi@elegantthemes.com,Female,1994-08-16
Emlynne Laffranconi,elaffranconidj@tumblr.com,Female,1977-04-25
Dulciana Olphert,dolphertdk@slideshare.net,Female,1988-03-21
Tymothy Giovanardi,tgiovanardidl@yellowbook.com,Male,1976-12-21
Steve Bishell,sbishelldm@facebook.com,Male,1974-08-09
Phoebe Hann,phanndn@loc.gov,Female,1994-03-05
Blancha O' Loughran,bodo@shutterfly.com,Female,1997-11-18
Davita Walpole,dwalpoledp@example.com,Female,1988-12-22
Kacie Summerill,ksummerilldq@ovh.net,Female,1993-02-15
Sarge Allenson,sallensondr@de.vu,Male,1999-10-27
Kendricks Gregson,kgregsonds@msn.com,Male,1972-06-16
Mufi Belham,mbelhamdt@craigslist.org,Female,1991-02-09
Sisely Brownsworth,sbrownsworthdu@4shared.com,Female,1970-05-12
Tallie Aylen,taylendv@rambler.ru,Female,1982-06-27
Gunther Cronin,gcronindw@usda.gov,Male,1987-08-04
Lenard Jewise,ljewisedx@ucsd.edu,Male,1971-01-16
Merrel Robbins,mrobbinsdy@over-blog.com,Male,1968-04-22
Deeann Ladel,dladeldz@hugedomains.com,Female,1996-04-19
Augustine Durn,adurne0@youtube.com,Male,1997-08-28
Odette McKinnon,omckinnone1@deviantart.com,Female,1981-09-27
Helli Lowles,hlowlese2@google.com.hk,Female,1998-09-30
Benedicta Scone,bsconee3@archive.org,Female,1978-06-19
Christabella Harman,charmane4@list-manage.com,Female,2001-01-06
Tallie Peterffy,tpeterffye5@seesaa.net,Male,1983-09-07
Holly Agett,hagette6@bravesites.com,Female,1987-08-05
Locke Alyokhin,lalyokhine7@ovh.net,Male,1972-08-10
Jamie Caine,jcainee8@cyberchimps.com,Female,1972-02-05
Rex Zavattiero,rzavattieroe9@house.gov,Male,1984-07-06
Ericka Alfuso,ealfusoea@ameblo.jp,Female,1994-09-18
Letisha Tarbard,ltarbardeb@shutterfly.com,Female,1985-01-18
Goldarina Haile,ghaileec@engadget.com,Female,1998-12-14
Shauna Catt,scatted@kickstarter.com,Female,1972-02-16
Minny Plumridge,mplumridgeee@cbc.ca,Female,1999-08-14
Silvio Chatt,schattef@nhs.uk,Male,1991-11-16
Thorpe Rennebach,trennebacheg@paginegialle.it,Male,1997-05-25
Binnie Seefus,bseefuseh@stanford.edu,Female,1980-10-23
Christyna Augar,caugarei@paginegialle.it,Female,1975-12-07
Bobette McCowan,bmccowanej@stanford.edu,Female,1969-01-17
Barthel Ovendon,bovendonek@google.ca,Male,1971-08-28
Astrid Graddon,agraddonel@elpais.com,Female,1999-02-25
Zorah Channing,zchanningem@imgur.com,Female,1995-08-10
Meridel Oliver,moliveren@macromedia.com,Female,1971-01-08
Auberta Prisley,aprisleyeo@netvibes.com,Female,1997-12-06
Paquito Stubs,pstubsep@jalbum.net,Male,1987-06-03
Ingunna Spowart,ispowarteq@youtu.be,Female,1993-06-02
Rhodia Cutchee,rcutcheeer@walmart.com,Female,2001-02-11
Harlie Campanelle,hcampanellees@hubpages.com,Female,1973-09-13
Suzette Jacklings,sjacklingset@uol.com.br,Female,1996-09-16
Robinia Joanic,rjoaniceu@mail.ru,Female,1981-08-22
Leanor Margrie,lmargrieev@edublogs.org,Female,1969-10-31
Marlena Iacovone,miacovoneew@addthis.com,Female,1972-02-26
Jozef Astman,jastmanex@blogspot.com,Male,1984-11-04
Malorie Cowterd,mcowterdey@google.it,Female,1968-05-28
Chen Daelman,cdaelmanez@fastcompany.com,Male,1972-10-05
Marshal Muddle,mmuddlef0@dedecms.com,Male,1977-02-11
Chicky Tregunna,ctregunnaf1@google.it,Male,1987-03-03
Nedda Simants,nsimantsf2@example.com,Female,1979-04-08
Min Pemberton,mpembertonf3@stanford.edu,Female,1988-01-02
Chiquia Bernardotte,cbernardottef4@comsenz.com,Female,1997-10-31
Far Eccleshall,feccleshallf5@youtube.com,Male,1974-03-04
Bobbie Georgeon,bgeorgeonf6@so-net.ne.jp,Female,1998-04-24
Melba Medmore,mmedmoref7@ustream.tv,Female,1989-08-24
Dru Crass,dcrassf8@technorati.com,Female,1999-02-24
Dorothy Swaffer,dswafferf9@earthlink.net,Female,1981-03-07
Keriann Arnfield,karnfieldfa@auda.org.au,Female,1997-12-26
Franzen Colomb,fcolombfb@dyndns.org,Male,1973-02-03
Isidore Penfold,ipenfoldfc@github.io,Male,1995-06-13
Shoshanna Peerman,speermanfd@bigcartel.com,Female,1977-03-23
Euphemia Dewer,edewerfe@globo.com,Female,1997-07-22
Marline Marzello,mmarzelloff@guardian.co.uk,Female,1986-04-24
Perceval Tandy,ptandyfg@google.com,Male,1973-04-12
Feliza Sapshed,fsapshedfh@rambler.ru,Female,1982-05-25
Meta Zute,mzutefi@bbc.co.uk,Female,1979-10-05
Sergei Aucott,saucottfj@opera.com,Male,1995-02-06
Kevon Pentelow,kpentelowfk@sphinn.com,Male,1973-06-06
Dunc Dunwoody,ddunwoodyfl@baidu.com,Male,1983-12-09
Riki Blondelle,rblondellefm@ted.com,Female,1984-05-31
Gunar Loren,glorenfn@home.pl,Male,1992-10-09
Devlen Ivashkov,divashkovfo@amazon.co.jp,Male,1972-05-08
Lesya Campana,lcampanafp@nifty.com,Female,1999-06-25
Bjorn Braidley,bbraidleyfq@howstuffworks.com,Male,2001-08-04
Bonnee MacCard,bmaccardfr@live.com,Female,1976-03-24
Honoria Tebboth,htebbothfs@oracle.com,Female,1976-06-09
Sonya Kew,skewft@stumbleupon.com,Female,1971-11-19
Kelbee Yoakley,kyoakleyfu@drupal.org,Male,1979-07-26
Gipsy Niblett,gniblettfv@examiner.com,Female,1993-09-09
Gardy Krollmann,gkrollmannfw@about.com,Male,1978-02-09
Cash Summerbell,csummerbellfx@cnet.com,Male,1967-10-09
Pat de Lloyd,pdefy@bloomberg.com,Female,1994-11-24
Vivianne Kunat,vkunatfz@craigslist.org,Female,1975-08-09
Base Dinley,bdinleyg0@vistaprint.com,Male,1993-07-23
Gasparo Woodfine,gwoodfineg1@csmonitor.com,Male,1981-10-06
Archaimbaud Froschauer,afroschauerg2@cafepress.com,Male,1982-04-08
Jesse Parkey,jparkeyg3@examiner.com,Female,1976-12-06
Randell Castells,rcastellsg4@digg.com,Male,1971-06-27
Georgeanna MacIan,gmaciang5@cpanel.net,Female,1971-08-05
Lindsey Fabry,lfabryg6@springer.com,Male,1973-10-10
Garner Aubry,gaubryg7@dyndns.org,Male,2002-03-04
Rosetta Roby,rrobyg8@mapy.cz,Female,1998-12-08
Rupert Holborn,rholborng9@youtu.be,Male,1994-06-22
Flossi McBrier,fmcbrierga@smugmug.com,Female,1968-07-29
Mack Gumbrell,mgumbrellgb@techcrunch.com,Male,1998-08-07
Armstrong Plum,aplumgc@reuters.com,Male,1998-11-17
Normand Close,nclosegd@cisco.com,Male,1998-03-07
Dode Burns,dburnsge@arstechnica.com,Female,1968-09-17
Glyn Folliott,gfolliottgf@webmd.com,Female,1999-03-30
Marshal Cornwall,mcornwallgg@fastcompany.com,Male,1983-10-20
Renault Whyffen,rwhyffengh@smugmug.com,Male,1983-03-25
Salomi Sinnock,ssinnockgi@list-manage.com,Female,1987-08-08
Esme Pexton,epextongj@1688.com,Male,1989-02-24
Gian Halesworth,ghalesworthgk@cnet.com,Male,1995-10-10
Stearne Stileman,sstilemangl@theatlantic.com,Male,1982-10-01
Sosanna King,skinggm@dyndns.org,Female,1969-06-10
Odo Realff,orealffgn@google.cn,Male,1985-01-14
Baldwin Yewen,byewengo@npr.org,Male,1978-07-24
Sergent Dahlen,sdahlengp@columbia.edu,Male,1976-03-20
Sully Janny,sjannygq@nps.gov,Male,1992-12-10
Purcell Loughrey,ploughreygr@multiply.com,Male,1967-09-15
Huntlee Cummings,hcummingsgs@amazon.com,Male,1990-05-25
Manda Hurran,mhurrangt@mac.com,Female,1979-08-14
Norbie Calender,ncalendergu@nationalgeographic.com,Male,1969-02-13
Sergei Fincken,sfinckengv@mayoclinic.com,Male,2001-09-25
Christophorus Milborn,cmilborngw@ft.com,Male,1981-09-27
Alleen Gerin,ageringx@mtv.com,Female,1993-12-20
Allison Hartles,ahartlesgy@ft.com,Female,1985-03-21
Markos Stivani,mstivanigz@oaic.gov.au,Male,1974-03-05
Donny Oakey,doakeyh0@un.org,Male,1968-09-01
Denney Deathridge,ddeathridgeh1@irs.gov,Male,1990-07-18
Lorrie Rykert,lrykerth2@list-manage.com,Female,1968-07-10
Freeman Sivyour,fsivyourh3@cpanel.net,Male,1970-09-06
Dav Stackbridge,dstackbridgeh4@forbes.com,Male,1973-05-09
Ursola Smorthwaite,usmorthwaiteh5@symantec.com,Female,1987-10-14
Brandyn MacBrearty,bmacbreartyh6@reuters.com,Male,1997-08-03
Gerome Dechelette,gdecheletteh7@dell.com,Male,1973-08-18
Ring Haselwood,rhaselwoodh8@is.gd,Male,1969-01-08
Jerad Tremeer,jtremeerh9@earthlink.net,Male,1977-02-11
Zaccaria Covolini,zcovoliniha@com.com,Male,1968-02-01
Kristy Engel,kengelhb@examiner.com,Female,1983-11-18
Ainslie Heatlie,aheatliehc@auda.org.au,Female,1968-05-19
Yvon McPhelimy,ymcphelimyhd@stanford.edu,Male,1989-03-13
Tally Allot,tallothe@dmoz.org,Female,1968-08-23
Inez O'Downe,iodownehf@mac.com,Female,1978-02-01
Kevan Gossington,kgossingtonhg@lulu.com,Male,1970-08-04
Tiffanie Nancekivell,tnancekivellhh@comsenz.com,Female,1989-09-15
Abrahan Guilaem,aguilaemhi@nymag.com,Male,1978-04-28
Ludwig Chinery,lchineryhj@nyu.edu,Male,1992-07-31
Francis Marishenko,fmarishenkohk@ow.ly,Male,2000-08-04
Mauricio Younghusband,myounghusbandhl@twitpic.com,Male,1982-12-20
Oren Marmon,omarmonhm@slashdot.org,Male,1991-11-18
Humfrey Emanson,hemansonhn@rakuten.co.jp,Male,1998-07-13
Dorise Crichmer,dcrichmerho@deliciousdays.com,Female,2000-07-04
Kirsten McKimmie,kmckimmiehp@irs.gov,Female,1978-09-12
Lorita Harsant,lharsanthq@narod.ru,Female,1993-08-05
Lindsey Perett,lperetthr@cbslocal.com,Male,1967-11-19
Kerry Haresnaip,kharesnaiphs@qq.com,Male,1979-08-22
Feliza Hillum,fhillumht@gravatar.com,Female,1973-03-09
Chance Wicks,cwickshu@cnbc.com,Male,1972-03-28
Amory Meakes,ameakeshv@addthis.com,Male,1999-04-24
Pearce Stovold,pstovoldhw@msn.com,Male,1989-07-19
Robbert Bridger,rbridgerhx@seattletimes.com,Male,1988-01-15
Amity Bustin,abustinhy@last.fm,Female,2001-10-12
Domeniga Copello,dcopellohz@acquirethisname.com,Female,1972-11-26
Marcie Creane,mcreanei0@ucoz.com,Female,1972-09-23
Alick Henzley,ahenzleyi1@nymag.com,Male,1974-05-04
Danica Orsay,dorsayi2@moonfruit.com,Female,1984-07-29
Olivero Andersch,oanderschi3@simplemachines.org,Male,1969-08-06
Kliment Aizikovitz,kaizikovitzi4@google.com.hk,Male,1975-02-22
Leticia Condit,lconditi5@google.cn,Female,1978-09-10
Clementia Iacomo,ciacomoi6@businessweek.com,Female,2001-08-13
Niall Czaple,nczaplei7@businesswire.com,Male,1997-03-30
Marketa Devinn,mdevinni8@cafepress.com,Female,1973-02-20
Ramona Filipponi,rfilipponii9@printfriendly.com,Female,1991-06-20
Meryl Charette,mcharetteia@hhs.gov,Male,1973-07-27
Amy Rathke,arathkeib@wsj.com,Female,1993-05-13
Israel Abell,iabellic@house.gov,Male,1980-10-23
Colan Gaspero,cgasperoid@columbia.edu,Male,1974-08-06
Keven Antognoni,kantognoniie@google.cn,Male,1980-09-04
Mercedes Dulanty,mdulantyif@earthlink.net,Female,1982-04-16
Thedric Shallcroff,tshallcroffig@nature.com,Male,2000-04-26
Mercedes Redmile,mredmileih@soup.io,Female,1991-02-12
Aryn Belfit,abelfitii@scribd.com,Female,1978-06-11
Jacquenetta Seers,jseersij@addthis.com,Female,1975-12-15
Rhett Pavlata,rpavlataik@prweb.com,Male,1993-05-01
Starlin Lismore,slismoreil@altervista.org,Female,1995-10-29
Celestyn Kornel,ckornelim@so-net.ne.jp,Female,1980-09-06
Vin deKnevet,vdeknevetin@biblegateway.com,Male,1982-10-07
Ashbey Bresner,abresnerio@accuweather.com,Male,2000-01-07
Brigham Pedrielli,bpedrielliip@cocolog-nifty.com,Male,1968-03-25
Guss Dengel,gdengeliq@flickr.com,Male,1994-12-08
Berget O'Fallon,bofallonir@bbb.org,Female,1973-09-13
Wilbur Simmig,wsimmigis@example.com,Male,1982-09-12
Tonnie Sherbourne,tsherbourneit@clickbank.net,Male,1979-09-24
Zaccaria Cornelius,zcorneliusiu@163.com,Male,1972-07-24
Leonelle Saundercock,lsaundercockiv@adobe.com,Female,1978-09-24
Harmonie Doone,hdooneiw@gizmodo.com,Female,1984-01-23
Nannette Estevez,nestevezix@about.me,Female,1980-07-03
Karry Warsap,kwarsapiy@indiegogo.com,Female,1970-06-07
Katrinka Bottomer,kbottomeriz@huffingtonpost.com,Female,1995-10-24
Randy Pilch,rpilchj0@kickstarter.com,Female,1999-03-12
Lin Keemar,lkeemarj1@globo.com,Male,1985-11-20
Jamesy Daines,jdainesj2@discovery.com,Male,1969-05-19
Roselia Tomczykiewicz,rtomczykiewiczj3@github.io,Female,1989-12-13
Averill Tottle,atottlej4@mediafire.com,Male,1969-07-16
Ruby Kroch,rkrochj5@pbs.org,Male,1979-06-13
Klarrisa Nilles,knillesj6@infoseek.co.jp,Female,1985-09-25
Meredithe Risbie,mrisbiej7@dailymail.co.uk,Female,1992-01-22
Matthaeus Cunah,mcunahj8@chronoengine.com,Male,1971-12-27
Siana Peddel,speddelj9@aboutads.info,Female,1986-12-09
Cherice Leggen,cleggenja@unblog.fr,Female,1980-11-26
Deck Morrallee,dmorralleejb@npr.org,Male,1988-02-20
Ignaz MacSorley,imacsorleyjc@tuttocitta.it,Male,1980-01-17
Nola Denys,ndenysjd@theatlantic.com,Female,1992-07-21
Adan Czaple,aczapleje@goo.ne.jp,Female,1972-01-29
Liuka McNelly,lmcnellyjf@surveymonkey.com,Female,1993-07-10
Ogdon Youle,oyoulejg@mit.edu,Male,1989-05-03
Penny Frankham,pfrankhamjh@shareasale.com,Male,1982-12-21
Jules Lufkin,jlufkinji@springer.com,Male,1993-02-02
Jaye Brugsma,jbrugsmajj@merriam-webster.com,Male,1969-08-19
Sandy Stearns,sstearnsjk@mit.edu,Male,1971-11-11
Andreas Van den Hof,avanjl@pinterest.com,Male,1972-01-18
Jessy Hussey,jhusseyjm@deviantart.com,Female,1972-09-01
Katrinka Petre,kpetrejn@narod.ru,Female,1993-08-04
Anderson Sommerton,asommertonjo@statcounter.com,Male,1974-11-25
Aloisia Edmondson,aedmondsonjp@oakley.com,Female,2002-03-10
Meyer Nussen,mnussenjq@zimbio.com,Male,1995-11-10
Ree Corinton,rcorintonjr@fotki.com,Female,1990-05-22
Brena Wrightham,bwrighthamjs@cam.ac.uk,Female,1984-07-14
Klarrisa Devers,kdeversjt@omniture.com,Female,1983-11-27
Devin Konzelmann,dkonzelmannju@cloudflare.com,Female,1993-08-29
Allina Mithon,amithonjv@nba.com,Female,1972-12-24
Merna Hessentaler,mhessentalerjw@cornell.edu,Female,1996-02-14
Loretta Chorley,lchorleyjx@chron.com,Female,1988-08-05
Almira Ebertz,aebertzjy@ebay.co.uk,Female,1990-05-17
Clarita Thames,cthamesjz@opensource.org,Female,1984-10-01
Aurore Theunissen,atheunissenk0@taobao.com,Female,1997-12-04
Maximo Blacket,mblacketk1@google.ru,Male,1972-02-16
Ric Fillimore,rfillimorek2@lycos.com,Male,1997-11-01
Karlen O'Corhane,kocorhanek3@google.ru,Female,1978-10-17
Marianna Finkle,mfinklek4@thetimes.co.uk,Female,1979-08-16
Nickie Brugman,nbrugmank5@vkontakte.ru,Female,1968-05-09
Dagmar Longhirst,dlonghirstk6@example.com,Female,1979-05-24
Brad Inston,binstonk7@howstuffworks.com,Male,1976-09-13
August Kealey,akealeyk8@example.com,Male,1982-07-23
Aigneis Bracegirdle,abracegirdlek9@deviantart.com,Female,1990-07-21
Jordana Ondrasek,jondrasekka@shinystat.com,Female,1978-05-13
Luca Sinclair,lsinclairkb@wp.com,Male,1973-07-09
Marsiella Pridie,mpridiekc@disqus.com,Female,1995-10-17
Forrest Curbishley,fcurbishleykd@surveymonkey.com,Male,2001-06-08
Catie Camm,ccammke@oaic.gov.au,Female,1973-10-24
Nicola Feathersby,nfeathersbykf@examiner.com,Male,1995-03-05
Allyn Shooter,ashooterkg@imageshack.us,Female,1970-12-30
Thaddeus Dobeson,tdobesonkh@chron.com,Male,1989-11-05
Winonah Samart,wsamartki@google.co.uk,Female,1997-05-07
Ted O'Leary,tolearykj@ucoz.ru,Female,1992-02-29
Ravi Whiteford,rwhitefordkk@omniture.com,Male,1993-10-30
Ursola Ridgwell,uridgwellkl@geocities.jp,Female,2002-03-26
Avram Roan,aroankm@xing.com,Male,1988-10-15
Bertrand Gamblin,bgamblinkn@go.com,Male,1976-09-08
Magdalen Cordery,mcorderyko@networkadvertising.org,Female,1982-12-28
Janetta Bovis,jboviskp@barnesandnoble.com,Female,1979-04-12
Bethanne Scruton,bscrutonkq@facebook.com,Female,1987-07-27
Maitilde Dyzart,mdyzartkr@dyndns.org,Female,1969-10-30
Hertha Eason,heasonks@hao123.com,Female,1975-08-10
Markus MacRanald,mmacranaldkt@google.com.au,Male,1990-04-13
Tirrell Beenham,tbeenhamku@nifty.com,Male,1978-01-28
Missy Dayton,mdaytonkv@multiply.com,Female,1970-04-09
Margit Rattery,mratterykw@usa.gov,Female,1986-08-22
Annmarie Waleran,awalerankx@posterous.com,Female,1975-09-10
Leonerd Glancy,lglancyky@mysql.com,Male,1980-10-06
Heda Phillip,hphillipkz@ameblo.jp,Female,1973-11-19
Leena Cutler,lcutlerl0@sourceforge.net,Female,1969-04-11
Nancee Douthwaite,ndouthwaitel1@prnewswire.com,Female,1978-05-01
Frederica Teresa,fteresal2@constantcontact.com,Female,1985-01-01
Juli Lambertazzi,jlambertazzil3@merriam-webster.com,Female,1995-06-08
Boigie Counihan,bcounihanl4@1und1.de,Male,1992-11-26
Obadias Christensen,ochristensenl5@hostgator.com,Male,1984-04-19
Zane Morey,zmoreyl6@prweb.com,Male,1968-08-07
Ab Heiton,aheitonl7@mtv.com,Male,1982-05-16
Fax Malinson,fmalinsonl8@moonfruit.com,Male,1996-05-03
Averil Aleksandrikin,aaleksandrikinl9@fastcompany.com,Female,1985-11-30
Bibbie Goodered,bgooderedla@drupal.org,Female,1990-04-14
Candi Harmar,charmarlb@odnoklassniki.ru,Female,1984-03-16
William Beamond,wbeamondlc@discuz.net,Male,1975-10-28
Mollie Pitcaithly,mpitcaithlyld@i2i.jp,Female,1994-10-13
Herb Juzek,hjuzekle@state.gov,Male,1969-12-28
Lianna Robarts,lrobartslf@apache.org,Female,1977-07-30
Sonnnie Milvarnie,smilvarnielg@tinypic.com,Female,1978-03-04
Mariana Tripp,mtripplh@virginia.edu,Female,1967-07-03
Reagen Vasile,rvasileli@de.vu,Male,1968-02-29
Ira Olwen,iolwenlj@networksolutions.com,Male,1975-06-04
Teena MacRinn,tmacrinnlk@howstuffworks.com,Female,1993-02-18
Sigismond Porte,sportell@ameblo.jp,Male,2000-01-11
Dallis Angelini,dangelinilm@biglobe.ne.jp,Male,1986-01-25
Myranda Gronou,mgronouln@macromedia.com,Female,1982-03-09
Malory Lymbourne,mlymbournelo@google.fr,Female,1988-04-25
Courtney Stuckley,cstuckleylp@godaddy.com,Female,2000-03-02
Farris Slee,fsleelq@addtoany.com,Male,1978-11-05
Adair Figure,afigurelr@cafepress.com,Male,1998-11-29
Hanan Laybourne,hlaybournels@toplist.cz,Male,1976-04-25
Salem Grattan,sgrattanlt@lulu.com,Male,1978-11-30
Hervey Atherton,hathertonlu@google.co.uk,Male,1979-08-31
Eddie Fry,efrylv@geocities.jp,Male,1993-06-05
Ardelis McCrum,amccrumlw@time.com,Female,1992-03-15
Axel Wolseley,awolseleylx@utexas.edu,Male,1987-08-21
Adaline Ebunoluwa,aebunoluwaly@istockphoto.com,Female,1973-10-11
Corrinne Verrechia,cverrechialz@elegantthemes.com,Female,1975-06-19
Luz Lombardo,llombardom0@blogtalkradio.com,Female,1975-02-04
Haily Dalwood,hdalwoodm1@mozilla.org,Male,1979-06-08
Olin Langabeer,olangabeerm2@discuz.net,Male,1980-03-22
Aland Guinery,aguinerym3@livejournal.com,Male,1980-04-16
Ian Probbin,iprobbinm4@w3.org,Male,1980-09-06
Consuela FitzGibbon,cfitzgibbonm5@surveymonkey.com,Female,1984-06-27
Hazel Belsher,hbelsherm6@google.ru,Male,1981-08-28
Ellis Harbord,eharbordm7@newyorker.com,Male,1991-06-06
Anastassia Alasdair,aalasdairm8@toplist.cz,Female,1989-05-02
Thane Bertomier,tbertomierm9@youtube.com,Male,1977-03-03
Kikelia Penswick,kpenswickma@wikimedia.org,Female,1986-01-19
Bryn Ronnay,bronnaymb@google.com.au,Male,1971-03-31
Tanya Cosbey,tcosbeymc@zimbio.com,Female,1975-12-02
Zaneta Danis,zdanismd@privacy.gov.au,Female,1992-08-12
Inigo Bricksey,ibrickseyme@uiuc.edu,Male,1970-01-26
Alberta Babber,ababbermf@histats.com,Female,2001-03-13
Manuel Speck,mspeckmg@msu.edu,Male,1978-04-26
Leigh McBay,lmcbaymh@irs.gov,Female,1984-02-19
Rancell Sandwich,rsandwichmi@google.ca,Male,1973-05-10
Danica McGlashan,dmcglashanmj@bravesites.com,Female,1972-03-30
Hesther Kamenar,hkamenarmk@spotify.com,Female,1970-07-13
Mahala Holtham,mholthamml@simplemachines.org,Female,1974-04-29
Olin Wearing,owearingmm@deliciousdays.com,Male,1971-03-29
Kate Swaile,kswailemn@geocities.com,Female,1980-09-01
Abeu Quinsee,aquinseemo@google.ru,Male,1968-06-05
Concordia Duplain,cduplainmp@dropbox.com,Female,1984-01-10
Edee Stiebler,estieblermq@so-net.ne.jp,Female,1976-03-15
Julita Marusic,jmarusicmr@fotki.com,Female,1994-10-04
Thorpe Eakley,teakleyms@geocities.com,Male,1979-04-11
Joanne Rendall,jrendallmt@wordpress.org,Female,1994-07-05
Muffin Dyter,mdytermu@dmoz.org,Male,1988-06-16
Nathanael Stormes,nstormesmv@china.com.cn,Male,1996-08-04
Estella Balsillie,ebalsilliemw@reuters.com,Female,1992-09-07
Jobina Mazzei,jmazzeimx@salon.com,Female,1989-06-25
Llewellyn Mannagh,lmannaghmy@bluehost.com,Male,2002-05-23
Selene Peachment,speachmentmz@japanpost.jp,Female,1979-07-19
Tabbie Faussett,tfaussettn0@etsy.com,Male,1990-03-20
Arabela Edmonstone,aedmonstonen1@symantec.com,Female,1980-07-07
Arleta Biasioni,abiasionin2@marriott.com,Female,1978-05-30
Dwayne Phillimore,dphillimoren3@bbb.org,Male,1984-03-23
Zollie Bedder,zbeddern4@issuu.com,Male,1968-12-19
Bonita Mellhuish,bmellhuishn5@meetup.com,Female,1997-06-03
Bria Rosenbloom,brosenbloomn6@cargocollective.com,Female,1980-01-05
Bentley Kitchinham,bkitchinhamn7@mayoclinic.com,Male,2002-05-26
Alfie Drayson,adraysonn8@dailymotion.com,Female,1992-01-18
Rustie Bryer,rbryern9@ebay.com,Male,1978-10-05
Parnell Hargie,phargiena@photobucket.com,Male,1999-05-02
Junia Ferrarello,jferrarellonb@abc.net.au,Female,1998-10-28
Kerianne Pharrow,kpharrownc@e-recht24.de,Female,1975-07-06
Iago Navarro,inavarrond@vistaprint.com,Male,1977-11-10
Patience Jirzik,pjirzikne@istockphoto.com,Female,1972-01-16
Janean Arro,jarronf@adobe.com,Female,1985-12-17
Riccardo Spencock,rspencockng@123-reg.co.uk,Male,1995-01-30
Piotr Thebeaud,pthebeaudnh@goodreads.com,Male,1994-10-03
Maurie Serman,msermanni@fc2.com,Male,1983-06-09
Karisa Frigot,kfrigotnj@virginia.edu,Female,1988-07-22
Brittni Brydie,bbrydienk@networksolutions.com,Female,1999-01-04
Anitra Howlett,ahowlettnl@answers.com,Female,1984-01-26
Catarina Proudlove,cproudlovenm@cdc.gov,Female,1997-08-15
Rose Symms,rsymmsnn@deliciousdays.com,Female,1988-04-13
Anallise Annes,aannesno@opensource.org,Female,2001-02-04
Gearalt Mitie,gmitienp@xinhuanet.com,Male,1973-08-06
Mead Bartolomieu,mbartolomieunq@merriam-webster.com,Female,1992-07-16
Marge Spenton,mspentonnr@google.pl,Female,1986-06-29
Tadeo Yitzhakof,tyitzhakofns@seattletimes.com,Male,1971-09-11
Tann Bonar,tbonarnt@theglobeandmail.com,Male,1996-12-28
Cart Whooley,cwhooleynu@php.net,Male,1970-06-26
Regine Tripe,rtripenv@wiley.com,Female,1982-12-03
Oswald Biggs,obiggsnw@nyu.edu,Male,1996-05-09
Carma Amburgy,camburgynx@wsj.com,Female,2001-02-10
Claudine Hebbard,chebbardny@msu.edu,Female,1994-12-12
Arney Mingaud,amingaudnz@zdnet.com,Male,1996-08-09
Nealy Cleyburn,ncleyburno0@senate.gov,Male,1993-01-25
Cortie Reams,creamso1@boston.com,Male,1970-07-09
Sylvester Zupo,szupoo2@360.cn,Male,1984-07-20
Else Bernardt,ebernardto3@studiopress.com,Female,1969-03-31
Lanita Suckling,lsucklingo4@narod.ru,Female,1969-10-10
Kaja Hellyer,khellyero5@reverbnation.com,Female,1971-11-10
Nevin Devoy,ndevoyo6@clickbank.net,Male,1976-05-09
Lin Novik,lnoviko7@phpbb.com,Female,1972-09-08
Saundra Di Ruggiero,sdio8@hatena.ne.jp,Male,1982-08-18
Juieta Pauwel,jpauwelo9@wordpress.org,Female,1990-03-17
Ricky Moncrefe,rmoncrefeoa@discovery.com,Female,1977-08-16
Lorette Elphinston,lelphinstonob@google.com.hk,Female,1973-11-14
Robbert Scotchmur,rscotchmuroc@google.com.br,Male,1980-09-11
Carol-jean Darington,cdaringtonod@feedburner.com,Female,2000-10-15
Michelle Tal,mtaloe@tiny.cc,Female,1981-09-25
Lou Sykora,lsykoraof@sina.com.cn,Female,1989-07-09
Cherish Kose,ckoseog@prnewswire.com,Female,1978-03-04
Alvan Hukin,ahukinoh@archive.org,Male,1995-01-13
Barclay Dumphries,bdumphriesoi@washingtonpost.com,Male,1986-10-16
Hakim Etheredge,hetheredgeoj@barnesandnoble.com,Male,1991-03-30
Brade Tarzey,btarzeyok@simplemachines.org,Male,1992-01-04
Natala Coye,ncoyeol@xinhuanet.com,Female,1997-06-24
Regan Giannasi,rgiannasiom@ebay.co.uk,Male,1998-07-23
Hedy Klammt,hklammton@360.cn,Female,1971-03-03
Isidore Edgerly,iedgerlyoo@webmd.com,Male,1968-04-21
Jessie Spearett,jspearettop@symantec.com,Male,1984-07-28
Goran Sherrard,gsherrardoq@mysql.com,Male,1975-01-27
Rorie Linning,rlinningor@yale.edu,Female,2002-06-24
Jenn Phillpotts,jphillpottsos@topsy.com,Female,1978-01-18
Cally Chelnam,cchelnamot@ox.ac.uk,Female,1977-10-29
Arny Pimbley,apimbleyou@theguardian.com,Male,1988-07-10
Earle Bowle,ebowleov@senate.gov,Male,1983-04-29
Saundra Lacy,slacyow@reference.com,Female,1987-08-14
Zedekiah Oxberry,zoxberryox@chron.com,Male,1986-11-14
Christian Rainsden,crainsdenoy@geocities.jp,Male,1995-08-08
Christian Tevelov,ctevelovoz@home.pl,Female,1994-09-05
Sadie Rao,sraop0@constantcontact.com,Female,1998-02-11
Robbyn Dominichelli,rdominichellip1@unesco.org,Female,2002-03-23
Perry McReidy,pmcreidyp2@jiathis.com,Female,1978-01-14
Henrietta Grimsdale,hgrimsdalep3@parallels.com,Female,1999-02-14
Morty Brissenden,mbrissendenp4@behance.net,Male,1982-02-24
Lia Francey,lfranceyp5@opera.com,Female,1992-01-11
Urban Verick,uverickp6@domainmarket.com,Male,1974-02-03
Rock Cherry Holme,rcherryp7@forbes.com,Male,1984-05-16
Annabelle Burndred,aburndredp8@bbb.org,Female,1998-08-12
Linoel Skett,lskettp9@statcounter.com,Male,1993-07-31
Bernetta Densumbe,bdensumbepa@facebook.com,Female,1976-04-04
Hamlin Golson,hgolsonpb@elpais.com,Male,1990-03-28
Irvine Simonetti,isimonettipc@exblog.jp,Male,1970-09-25
Adrian Scruton,ascrutonpd@booking.com,Female,1989-10-23
Joelly Gonnin,jgonninpe@typepad.com,Female,1978-06-22
Myer Dearman,mdearmanpf@adobe.com,Male,1992-08-28
Binny Schukraft,bschukraftpg@issuu.com,Female,1993-04-22
Budd Costa,bcostaph@seattletimes.com,Male,1987-10-03
Ty Fassan,tfassanpi@ted.com,Male,1996-06-15
Gayelord McCurry,gmccurrypj@wiley.com,Male,1984-09-11
Jenifer Moyser,jmoyserpk@multiply.com,Female,1969-06-29
Davida Reef,dreefpl@squidoo.com,Female,1977-09-20
Kori Persse,kperssepm@acquirethisname.com,Female,1980-02-16
Jobey Colclough,jcolcloughpn@hao123.com,Female,1980-03-06
Chrystel Dupoy,cdupoypo@amazon.de,Female,1992-02-14
Angelo Mulqueeny,amulqueenypp@patch.com,Male,1988-05-22
Amber Vernau,avernaupq@ezinearticles.com,Female,1983-01-29
Elsie Salvidge,esalvidgepr@gov.uk,Female,1982-11-06
Biron Albrook,balbrookps@addtoany.com,Male,1981-05-07
Rivy Collicott,rcollicottpt@buzzfeed.com,Female,1983-06-30
Daron Rankmore,drankmorepu@umich.edu,Female,1978-10-26
Nadean Mycroft,nmycroftpv@washington.edu,Female,1984-10-19
Dana Leishman,dleishmanpw@issuu.com,Male,1982-07-21
Asher Frearson,afrearsonpx@twitpic.com,Male,1977-05-16
Ansley Quaife,aquaifepy@themeforest.net,Female,1970-02-04
Kelsey Thonason,kthonasonpz@ox.ac.uk,Male,2002-04-30
Cirillo Burcher,cburcherq0@comcast.net,Male,1979-07-28
Lorrin Simoncini,lsimonciniq1@bandcamp.com,Female,1981-03-21
Laryssa Tousy,ltousyq2@arizona.edu,Female,1986-10-10
Esmeralda Manon,emanonq3@statcounter.com,Female,1980-06-18
Dionysus Fullerd,dfullerdq4@bloomberg.com,Male,1982-03-24
Jeannie O'Mullaney,jomullaneyq5@home.pl,Female,1988-09-18
Magda Drable,mdrableq6@arstechnica.com,Female,1971-11-28
Kale Crowdson,kcrowdsonq7@va.gov,Male,2001-02-25
Darb Goodall,dgoodallq8@ezinearticles.com,Female,1988-05-11
Andrej Bissill,abissillq9@tripadvisor.com,Male,1993-11-22
Mellie Yeowell,myeowellqa@paypal.com,Female,1985-06-22
Conny Thornally,cthornallyqb@springer.com,Male,1988-11-17
Orson Sabban,osabbanqc@salon.com,Male,1996-10-05
Mirabel Suatt,msuattqd@techcrunch.com,Female,1983-07-11
Merrill Guillem,mguillemqe@example.com,Female,1975-03-14
Delmer Langlois,dlangloisqf@bravesites.com,Male,1994-08-20
Karoly Sawyer,ksawyerqg@irs.gov,Female,1977-07-06
Bibi Toffolini,btoffoliniqh@si.edu,Female,1968-11-02
Dayna Lages,dlagesqi@fc2.com,Female,1982-09-21
Gregor Kilbride,gkilbrideqj@ehow.com,Male,1986-06-03
Packston Cowern,pcowernqk@usda.gov,Male,1996-10-21
Gayle Sandiland,gsandilandql@is.gd,Female,1969-07-30
Glen Herries,gherriesqm@stumbleupon.com,Male,1994-07-20
Casper Enderson,cendersonqn@diigo.com,Male,1979-03-20
Jarrid Anmore,janmoreqo@stumbleupon.com,Male,1981-07-22
Sonny Inglese,singleseqp@studiopress.com,Male,1986-05-13
Margo Tebbitt,mtebbittqq@ask.com,Female,1991-12-18
Nady Booty,nbootyqr@vistaprint.com,Female,1996-08-01
Emmanuel Dinneges,edinnegesqs@theglobeandmail.com,Male,2001-10-28
Celka Hickeringill,chickeringillqt@fotki.com,Female,1991-10-06
Wells Edmeades,wedmeadesqu@blogtalkradio.com,Male,2002-01-04
Ibrahim Corhard,icorhardqv@cornell.edu,Male,1995-04-15
Marv Cowin,mcowinqw@goodreads.com,Male,1973-01-05
Renata Garrett,rgarrettqx@ed.gov,Female,1993-09-09
Solly Nucciotti,snucciottiqy@newsvine.com,Male,1997-12-28
Lynna Arcase,larcaseqz@webnode.com,Female,1974-05-10
Melania Saward,msawardr0@ca.gov,Female,1998-09-26
Wiley Marini,wmarinir1@so-net.ne.jp,Male,2000-01-11
Mendie Robertazzi,mrobertazzir2@scribd.com,Male,1991-10-29
Garrek MacCoughen,gmaccoughenr3@wix.com,Male,1991-11-25
Emery Huntingford,ehuntingfordr4@altervista.org,Male,1974-10-08
Sibby Sherman,sshermanr5@usgs.gov,Female,1980-05-11
Birdie Muat,bmuatr6@ebay.co.uk,Female,1970-02-02
Boigie Masterman,bmastermanr7@kickstarter.com,Male,1972-03-22
Marybeth Durdle,mdurdler8@bbb.org,Female,1985-09-23
Giulia Kornyshev,gkornyshevr9@stumbleupon.com,Female,1972-02-29
Tabbi Curran,tcurranra@ucoz.com,Female,1996-01-29
Alessandro Bottoms,abottomsrb@hp.com,Male,1996-06-02
Dame Spaducci,dspaduccirc@webmd.com,Male,1972-07-01
Lishe Aizlewood,laizlewoodrd@webs.com,Female,2000-03-15
Terri Chrippes,tchrippesre@va.gov,Female,1985-08-04
Mary Loxdale,mloxdalerf@google.co.uk,Female,1979-08-14
Mavis Gadson,mgadsonrg@i2i.jp,Female,1986-04-15
Terrie Geary,tgearyrh@java.com,Female,2001-06-21
Eal Chiplen,echiplenri@delicious.com,Male,1985-02-20
Meara Eades,meadesrj@google.co.uk,Female,1981-06-18
Cos Gecke,cgeckerk@marketwatch.com,Male,2001-03-19
Ario Seamon,aseamonrl@edublogs.org,Male,1987-05-02
Chrissy Robotham,crobothamrm@cocolog-nifty.com,Female,1971-09-15
Elden Howison,ehowisonrn@ihg.com,Male,1989-11-20
Ingamar Rugg,iruggro@nationalgeographic.com,Male,1984-06-26
Ebba Yashaev,eyashaevrp@marriott.com,Female,1982-03-21
Denni Beek,dbeekrq@last.fm,Female,1972-07-04
Georgi Coldwell,gcoldwellrr@shareasale.com,Male,1986-03-17
